player_name,team,position,adp,min_draft_position,max_draft_position,bye_week,is_bye_week5,is_bye_week6,is_bye_week7,is_bye_week8,is_bye_week9,is_bye_week10,is_bye_week11,is_bye_week12,is_bye_week14,is_qb_eligible,is_rb_eligible,is_wr_eligible,is_te_eligible,is_flex_eligible,pff_ppr_projected_points,numberfire_ppr_projected_points,rotoballer_ppr_projected_points,athletic_ppr_projected_points,athletic_half_projected_points,athletic_std_projected_points,week11_actual_ppr_points
Ja'Marr Chase,CIN,WR,1.12,1,4,10,0,0,0,0,0,1,0,0,0,0,0,1,0,1,333.4,390.8,355,314.5260868,260.9623799,207.398673,195.7
Bijan Robinson,ATL,RB,2.44,1,6,5,1,0,0,0,0,0,0,0,0,0,1,0,0,1,299.4,321.1,329,295.8862855,274.9915559,254.0968263,211.9
Jahmyr Gibbs,DET,RB,3.44,1,6,8,0,0,0,1,0,0,0,0,0,0,1,0,0,1,295.1,334.6,324,310.2075527,283.1212283,256.0349039,203.6
CeeDee Lamb,DAL,WR,3.83,2,7,10,0,0,0,0,0,1,0,0,0,0,0,1,0,1,274.6,322.7,301,302.7026185,248.0991785,193.4957384,107.9
Saquon Barkley,PHI,RB,5.11,2,8,9,0,0,0,0,1,0,0,0,0,0,1,0,0,1,285.5,327.2,311,283.5112388,265.4097333,247.3082278,150.9
Justin Jefferson,MIN,WR,5.69,2,8,6,0,1,0,0,0,0,0,0,0,0,0,1,0,1,291.2,344.7,295,289.8150037,240.683102,191.5512002,143.1
Christian McCaffrey,SF,RB,7.5,3,14,14,0,0,0,0,0,0,0,0,1,0,1,0,0,1,277.2,336.8,288,340.8717539,311.128294,281.384834,283.9
Malik Nabers,NYG,WR,8.78,6,12,14,0,0,0,0,0,0,0,0,1,0,0,1,0,1,266,281.5,273.8465842,274.0397525,221.9607421,169.8817318,57.1
Amon-Ra St Brown,DET,WR,10.17,6,16,8,0,0,0,1,0,0,0,0,0,0,0,1,0,1,270,315.9,288,287.2618898,233.7902396,180.3185894,188.4
Brian Thomas Jr,JAX,WR,10.51,7,17,8,0,0,0,1,0,0,0,0,0,0,0,1,0,1,287.1,286.7,269,271.2046786,224.4935731,177.7824676,85.6
Nico Collins,HOU,WR,11.11,7,16,6,0,1,0,0,0,0,0,0,0,0,0,1,0,1,277.3,285.8,281,263.1223782,217.5521707,171.9819632,146.5
Ashton Jeanty,LV,RB,11.5,5,18,8,0,0,0,1,0,0,0,0,0,0,1,0,0,1,290.3,219.9,252,243.8972458,227.1826659,210.4680861,142.7
Drake London,ATL,WR,13.34,6,20,5,1,0,0,0,0,0,0,0,0,0,0,1,0,1,259.4,282.1,271,273.5659107,224.2747556,174.9836005,177
Derrick Henry,BAL,RB,13.47,7,19,7,0,0,1,0,0,0,0,0,0,0,1,0,0,1,252.5,223.5,274,273.2293922,264.0537992,254.8782062,141.1
Puka Nacua,LA,WR,14.41,8,22,8,0,0,0,1,0,0,0,0,0,0,0,1,0,1,285.3,298.2,281,285.7200112,235.4150966,185.110182,195.3
Chase Brown,CIN,RB,16.76,11,25,10,0,0,0,0,0,1,0,0,0,0,1,0,0,1,225.9,222.5,258,257.5016794,232.3090005,207.1163216,131.8
De'Von Achane,MIA,RB,18.17,12,27,12,0,0,0,0,0,0,0,1,0,0,1,0,0,1,275.6,299.2,276,284.604981,249.3592015,214.113422,235
Josh Jacobs,GB,RB,19.66,14,26,5,1,0,0,0,0,0,0,0,0,0,1,0,0,1,252,227.9,259,267.4756711,250.0754761,232.6752811,182.5
AJ Brown,PHI,WR,19.75,14,26,9,0,0,0,0,1,0,0,0,0,0,0,1,0,1,255.7,270.6,261,229.7660179,192.514718,155.2634181,101.7
Jonathan Taylor,IND,RB,19.97,13,28,11,0,0,0,0,0,0,1,0,0,0,1,0,0,1,242.7,210.6,263,253.1179615,239.6262942,226.1346268,271.9
Bucky Irving,TB,RB,20.04,11,31,9,0,0,0,0,1,0,0,0,0,0,1,0,0,1,281.8,212.2,259,284.7584529,262.6742505,240.5900481,74
Brock Bowers,LV,TE,20.75,13,29,8,0,0,0,1,0,0,0,0,0,0,0,0,1,1,245.9,270.6,257,263.992598,211.3834713,158.7743445,102.7
Ladd McConkey,LAC,WR,22,14,29,12,0,0,0,0,0,0,0,1,0,0,0,1,0,1,249.7,284.3,245,246.3728773,202.1407628,157.9086484,142.4
Jaxon Smith-Njigba,SEA,WR,26.5,21,35,8,0,0,0,1,0,0,0,0,0,0,0,1,0,1,217.9,279.3,250,264.977529,217.2853892,169.5932493,219.9
Tee Higgins,CIN,WR,27.2,17,35,10,0,0,0,0,0,1,0,0,0,0,0,1,0,1,245.7,263.6,257,257.990934,214.0850568,170.1791797,131.4
Kyren Williams,LA,RB,27.34,17,43,8,0,0,0,1,0,0,0,0,0,0,1,0,0,1,241.9,208.4,245,253.0384849,238.9311553,224.8238257,170.2
Trey McBride,ARZ,TE,28,20,40,8,0,0,0,1,0,0,0,0,0,0,0,0,1,1,235.9,242,234,243.6461801,193.6982137,143.7502473,184.8
Lamar Jackson,BAL,QB,28.91,17,38,7,0,0,1,0,0,0,0,0,0,1,0,0,0,0,338.5,384.1,359,382.5868811,382.5868811,382.5868811,143.3
Omarion Hampton,LAC,RB,30.17,8,46,12,0,0,0,0,0,0,0,1,0,0,1,0,0,1,227.9,206.7,207,241.5194771,225.6436416,209.7678062,77
Josh Allen,BUF,QB,30.8,23,42,7,0,0,1,0,0,0,0,0,0,1,0,0,0,0,341.4,384.1,362,370.4744498,370.4744498,370.4744498,268.5
Garrett Wilson,NYJ,WR,32.08,19,45,9,0,0,0,0,1,0,0,0,0,0,0,1,0,1,239.6,242.9,237,223.8640978,182.7730373,141.6819767,99.5
Marvin Harrison Jr,ARZ,WR,33.5,22,51,8,0,0,0,1,0,0,0,0,0,0,0,1,0,1,233.1,264.8,226,215.1276348,176.2538302,137.3800255,110.5
TreVeyon Henderson,NE,RB,34.22,21,49,14,0,0,0,0,0,0,0,0,1,0,1,0,0,1,166.4,159.7,198,228.1512978,202.6275867,177.1038755,127.7
Tyreek Hill,MIA,WR,34.68,20,46,12,0,0,0,0,0,0,0,1,0,0,0,1,0,1,217.9,279.4,252.2134674,259.3404021,216.0722623,172.8041225,53.5
James Cook,BUF,RB,37.26,20,51,7,0,0,1,0,0,0,0,0,0,0,1,0,0,1,231.7,189.1,233,210.1757767,195.1887925,180.2018082,206.7
Tetairoa McMillan,CAR,WR,37.47,26,51,14,0,0,0,0,0,0,0,0,1,0,0,1,0,1,216.1,144.6,210,229.9378727,188.1309868,146.3241008,152.8
Davante Adams,LA,WR,38.46,18,51,8,0,0,0,1,0,0,0,0,0,0,0,1,0,1,225.2,226.8,250,261.7305921,214.9929863,168.2553806,159.9
Terry McLaurin,WAS,WR,38.48,27,49,12,0,0,0,0,0,0,0,1,0,0,0,1,0,1,235,253.9,250,247.2914126,205.1490451,163.0066775,39.3
Mike Evans,TB,WR,38.74,27,51,9,0,0,0,0,1,0,0,0,0,0,0,1,0,1,232.6,252.5,251,245.7223205,205.4663702,165.2104199,34
Joe Burrow,CIN,QB,39.01,24,58,10,0,0,0,0,0,1,0,0,0,1,0,0,0,0,314.9,338.9,331,338.9590524,338.9590524,338.9590524,15.9
Xavier Worthy,KC,WR,40.7,28,58,10,0,0,0,0,0,1,0,0,0,0,0,1,0,1,213.6,200.1,218,243.9687068,201.3746899,158.780673,68.4
Jayden Daniels,WAS,QB,41.14,25,58,12,0,0,0,0,0,0,0,1,0,1,0,0,0,0,339.5,335.9,360,368.2782348,368.2782348,368.2782348,115.6
George Kittle,SF,TE,42.31,28,57,14,0,0,0,0,0,0,0,0,1,0,0,0,1,1,209.3,225.5,226,240.2383536,199.353678,158.4690025,81.8
Kenneth Walker III,SEA,RB,43.19,24,59,8,0,0,0,1,0,0,0,0,0,0,1,0,0,1,248.1,210.8,213,220.9286419,203.2254099,185.5221779,111.3
Courtland Sutton,DEN,WR,44.55,33,56,12,0,0,0,0,0,0,0,1,0,0,0,1,0,1,202.6,222.6,217,230.8127116,190.1193562,149.4260009,133.9
George Pickens,DAL,WR,46.53,35,66,10,0,0,0,0,0,1,0,0,0,0,0,1,0,1,191.1,188.7,221,231.7639428,192.0238977,152.2838527,190.8
Breece Hall,NYJ,RB,47.58,24,65,9,0,0,0,0,1,0,0,0,0,0,1,0,0,1,223.3,218.8,210,203.9080337,181.5630909,159.2181482,136.8
DK Metcalf,PIT,WR,48.71,31,59,5,1,0,0,0,0,0,0,0,0,0,0,1,0,1,223.4,229.7,238,236.1236916,196.4790154,156.8343391,122.1
Alvin Kamara,NO,RB,48.85,36,61,11,0,0,0,0,0,0,1,0,0,0,1,0,0,1,221.6,204.5,230,272.7721852,237.14694,201.5216949,101.2
DJ Moore,CHI,WR,49.28,37,64,5,1,0,0,0,0,0,0,0,0,0,0,1,0,1,223.4,210.1,234,217.1413233,178.7553062,140.3692891,90.8
Jalen Hurts,PHI,QB,50.39,23,68,9,0,0,0,0,1,0,0,0,0,1,0,0,0,0,333.3,348.7,355,361.8182431,361.8182431,361.8182431,205.3
Calvin Ridley,TEN,WR,50.92,34,61,10,0,0,0,0,0,1,0,0,0,0,0,1,0,1,191.6,209.4,214,240.5810943,200.065585,159.5500757,47.3
Jameson Williams,DET,WR,51.22,39,60,8,0,0,0,1,0,0,0,0,0,0,0,1,0,1,215.1,188.6,203,245.5467464,209.3889967,173.231247,118.2
Chuba Hubbard,CAR,RB,53.79,33,71,14,0,0,0,0,0,0,0,0,1,0,1,0,0,1,216.7,165.6,219,231.5768362,210.9251689,190.2735017,81
Emeka Egbuka,TB,WR,54.45,39,66,9,0,0,0,0,1,0,0,0,0,0,0,1,0,1,128.9,176.1055023,171,228.4165068,189.3315848,150.2466628,153.6
DeVonta Smith,PHI,WR,57.56,46,70,9,0,0,0,0,1,0,0,0,0,0,0,1,0,1,214.1,218.9,223,215.1824876,179.0355216,142.8885555,133.5
James Conner,ARZ,RB,59.25,45,72,8,0,0,0,1,0,0,0,0,0,0,1,0,0,1,218.8,202.7,219.2604778,236.2814333,216.0258686,195.7703039,33.3
Zay Flowers,BAL,WR,59.25,48,72,7,0,0,1,0,0,0,0,0,0,0,0,1,0,1,212.7,228.3,221,204.8142766,168.7559089,132.6975412,132.4
RJ Harvey,DEN,RB,59.48,17,72,12,0,0,0,0,0,0,0,1,0,0,1,0,0,1,220,134.4,177,193.5950193,176.1631254,158.7312316,107.9
Ricky Pearsall,SF,WR,59.5,43,72,14,0,0,0,0,0,0,0,0,1,0,0,1,0,1,136.4,177.4,192,231.9882445,192.1221734,152.2561023,53.3
Jaylen Waddle,MIA,WR,60.46,49,80,12,0,0,0,0,0,0,0,1,0,0,0,1,0,1,210,190.4,210,225.5165437,185.5172216,145.5178994,151.2
D'Andre Swift,CHI,RB,62.41,39,78,5,1,0,0,0,0,0,0,0,0,0,1,0,0,1,209,180,199,212.7723717,191.7622906,170.7522095,137.4
Tony Pollard,TEN,RB,62.69,42,75,10,0,0,0,0,0,1,0,0,0,0,1,0,0,1,205.1,171.9,222,185.0248454,172.4250094,159.8251733,98.9
Jerry Jeudy,CLE,WR,63.83,51,77,9,0,0,0,0,1,0,0,0,0,0,0,1,0,1,195.2,210.3,217,219.0762749,179.0404059,139.004537,72.6
Rashee Rice,KC,WR,64.15,50,84,10,0,0,0,0,0,1,0,0,0,0,0,1,0,1,227.5,171.7,181,173.575763,142.6958027,111.8158424,77.1
Travis Hunter,JAX,WR,65.4,50,83,8,0,0,0,1,0,0,0,0,0,0,0,1,0,1,215.5,184.6,202.7061978,208.0185935,170.0312682,132.0439429,63.8
Rome Odunze,CHI,WR,65.71,53,81,5,1,0,0,0,0,0,0,0,0,0,0,1,0,1,188.8,170.1,195,222.6287627,182.759715,142.8906672,135
Isiah Pacheco,KC,RB,67.11,50,81,10,0,0,0,0,0,1,0,0,0,0,1,0,0,1,188.2,198.2,185,202.7834177,193.7615784,184.7397391,60.2
Matthew Golden,GB,WR,70.62,51,84,5,1,0,0,0,0,0,0,0,0,0,0,1,0,1,180.2,184.1,192,205.0470003,171.409684,137.7723677,57.1
Chris Olave,NO,WR,70.96,57,85,11,0,0,0,0,0,0,1,0,0,0,0,1,0,1,195.8,203.7,201,204.4779709,165.0186944,125.5594179,150.1
David Montgomery,DET,RB,73.25,51,85,8,0,0,0,1,0,0,0,0,0,0,1,0,0,1,187.1,175.3,209,171.7960963,164.5430571,157.2900179,105.9
Patrick Mahomes,KC,QB,74.4,41,108,10,0,0,0,0,0,1,0,0,0,1,0,0,0,0,306.9,336.1,317,322.174038,322.174038,322.174038,223.8
Sam LaPorta,DET,TE,74.75,55,93,8,0,0,0,1,0,0,0,0,0,0,0,0,1,1,182.5,174.1,181,178.7385938,144.7188352,110.6990766,106.9
Stefon Diggs,NE,WR,75.03,48,91,14,0,0,0,0,0,0,0,0,1,0,0,1,0,1,173.6,207.4,199,166.7342993,134.8661228,102.9979464,142.9
Deebo Samuel,WAS,WR,75.28,59,99,12,0,0,0,0,0,0,0,1,0,0,0,1,0,1,198.4,209.3,197,188.6555149,155.9588819,123.2622489,141.2
Aaron Jones,MIN,RB,76.16,59,89,6,0,1,0,0,0,0,0,0,0,0,1,0,0,1,205.8,197.4,204,203.5914629,183.3711291,163.1507953,61.8
Jakobi Meyers,JAX,WR,79,57,99,8,0,0,0,1,0,0,0,0,0,0,0,1,0,1,196.7,207.6,196,224.7399843,181.1688357,137.5976872,86.7
Jordan Addison,MIN,WR,80.85,62,100,6,0,1,0,0,0,0,0,0,0,0,0,1,0,1,196.9,142.4,171,169.0803722,138.604458,108.1285437,88.8
Tyrone Tracy,NYG,RB,81.05,62,103,14,0,0,0,0,0,0,0,0,1,0,1,0,0,1,164,155.4,186,185.4279613,167.5575677,149.687174,71.4
Travis Kelce,KC,TE,82.41,50,104,10,0,0,0,0,0,1,0,0,0,0,0,0,1,1,158.9,204.7,188,224.6416674,180.6632674,136.6848673,137.1
Jaylen Warren,PIT,RB,82.94,62,102,5,1,0,0,0,0,0,0,0,0,0,1,0,0,1,188.2,181.3,177,191.2132337,170.447267,149.6813002,118.5
Zach Charbonnet,SEA,RB,83.27,62,98,8,0,0,0,1,0,0,0,0,0,0,1,0,0,1,153.9,151.2,163,152.7756215,134.9013811,117.0271408,86.7
TJ Hockenson,MIN,TE,84.68,58,110,6,0,1,0,0,0,0,0,0,0,0,0,0,1,1,186.8,200.1,175,162.9701541,130.0335829,97.09701177,74
Tyler Warren,IND,TE,85.43,68,104,11,0,0,0,0,0,0,1,0,0,0,0,0,1,1,151.4,145.6,159,143.5788572,116.3032384,89.02761965,136.3
Kaleb Johnson,PIT,RB,86.55,66,109,5,1,0,0,0,0,0,0,0,0,0,1,0,0,1,155.3,136.7,162,153.9210192,147.2291496,140.53728,7.7
Jordan Mason,MIN,RB,87.26,61,103,6,0,1,0,0,0,0,0,0,0,0,1,0,0,1,126,141.9,136,144.6724727,136.5921378,128.511803,95.3
Jauan Jennings,SF,WR,87.65,70,114,14,0,0,0,0,0,0,0,0,1,0,0,1,0,1,189.8,231,190,189.0087165,155.0631855,121.1176545,87.8
Khalil Shakir,BUF,WR,89.76,74,118,7,0,0,1,0,0,0,0,0,0,0,0,1,0,1,193.8,176.5,185,181.3708286,146.8503054,112.3297823,128.9
Baker Mayfield,TB,QB,90.99,55,126,9,0,0,0,0,1,0,0,0,0,1,0,0,0,0,297,320.8,317,332.2843477,332.2843477,332.2843477,185.3
Travis Etienne Jr,JAX,RB,91.63,72,119,8,0,0,0,1,0,0,0,0,0,0,1,0,0,1,158.8,177.9,148,164.6816198,149.4837816,134.2859433,142.9
JK Dobbins,DEN,RB,91.64,71,117,12,0,0,0,0,0,0,0,1,0,0,1,0,0,1,108.8,152,146.7802922,179.5408765,159.9420431,140.3432097,115.9
Michael Pittman Jr,IND,WR,93.05,62,112,11,0,0,0,0,0,0,1,0,0,0,0,1,0,1,170.1,191.8,194,165.994425,133.8747607,101.7550964,148
Keon Coleman,BUF,WR,93.39,72,110,7,0,0,1,0,0,0,0,0,0,0,0,1,0,1,173.4,185.4,164,174.7580635,144.4391767,114.1202899,83
Cooper Kupp,SEA,WR,93.71,69,113,8,0,0,0,1,0,0,0,0,0,0,0,1,0,1,176.8,202.7,194,225.4161428,183.2191861,141.0222294,74
Dak Prescott,DAL,QB,93.97,60,134,10,0,0,0,0,0,1,0,0,0,1,0,0,0,0,276.1,282.7955262,268,304.2865787,304.2865787,304.2865787,199.2
Bo Nix,DEN,QB,94.2,68,129,12,0,0,0,0,0,0,0,1,0,1,0,0,0,0,279.9,314.9,296,306.6460715,306.6460715,306.6460715,200.1
Josh Downs,IND,WR,94.82,74,117,11,0,0,0,0,0,0,1,0,0,0,0,1,0,1,181.4,161.7,175,178.7888149,145.947372,113.1059292,85.6
Jacory Croskey-Merritt,WAS,RB,95.83,73,126,12,0,0,0,0,0,0,0,1,0,0,1,0,0,1,154.3895047,154.3895047,143,165.7790094,156.56854,147.3580705,89.6
Mark Andrews,BAL,TE,97.46,57,126,7,0,0,1,0,0,0,0,0,0,0,0,0,1,1,154.8,197.4,179,180.7821125,149.2670091,117.7519057,99.9
Chris Godwin,TB,WR,97.55,73,137,9,0,0,0,0,1,0,0,0,0,0,0,1,0,1,197.7,213.3,178,184.5637912,150.8103546,117.0569181,11.2
Evan Engram,DEN,TE,100.04,73,127,12,0,0,0,0,0,0,0,1,0,0,0,0,1,1,150.2,134.2,163,164.6937589,131.5961386,98.49851819,64.7
Javonte Williams,DAL,RB,101.53,59,125,10,0,0,0,0,0,1,0,0,0,0,1,0,0,1,158.2,164.1,154,185.5035601,168.1662818,150.8290034,170.2
David Njoku,CLE,TE,105.04,81,136,9,0,0,0,0,1,0,0,0,0,0,0,0,1,1,174.4,182.3,173,188.6522492,150.8158575,112.9794657,76.8
Christian Kirk,HOU,WR,107.4,85,130,6,0,1,0,0,0,0,0,0,0,0,0,1,0,1,191.8,126.7,140,163.8754114,132.6997444,101.5240773,46.8
Cam Skattebo,NYG,RB,108.63,93,130,14,0,0,0,0,0,0,0,0,1,0,1,0,0,1,157.6,114.4,143.2186339,157.6559018,142.049207,126.4425123,127.7
Braelon Allen,NYJ,RB,111.6,85,141,9,0,0,0,0,1,0,0,0,0,0,1,0,0,1,83.7,87.87493544,98,81.92480631,79.99901924,78.07323217,17.3
Darnell Mooney,ATL,WR,111.84,87,138,5,1,0,0,0,0,0,0,0,0,0,0,1,0,1,182,172.2,166,193.7519964,160.0442726,126.3365488,38.4
Marvin Mims Jr,DEN,WR,113.29,79,145,12,0,0,0,0,0,0,0,1,0,0,0,1,0,1,158.5,198.9,154,189.4889823,155.4694164,121.4498504,63
Tucker Kraft,GB,TE,113.57,79,141,5,1,0,0,0,0,0,0,0,0,0,0,0,1,1,153.2,121.6,146.7336206,165.4008617,135.4369375,105.4730133,117.2
Trey Benson,ARZ,RB,114.13,90,139,8,0,0,0,1,0,0,0,0,0,0,1,0,0,1,108.5,101.5,112,97.52629962,92.32453022,87.12276082,35.4
Jayden Reed,GB,WR,115.14,88,155,5,1,0,0,0,0,0,0,0,0,0,0,1,0,1,187.7,184.6,163,170.6021273,143.7300583,116.8579893,13.5
Austin Ekeler,WAS,RB,116.16,78,145,12,0,0,0,0,0,0,0,1,0,0,1,0,0,1,147.6,180.4,165.6741136,169.0223409,145.3454148,121.6684888,13.1
Bhayshul Tuten,JAX,RB,117.1,96,144,8,0,0,0,1,0,0,0,0,0,0,1,0,0,1,62.9,77.00102311,95,73.10306932,64.66021359,56.21735787,61.9
Brian Robinson,SF,RB,117.96,77,159,14,0,0,0,0,0,0,0,0,1,0,1,0,0,1,170,141.8,77,78.74751304,76.6772768,74.60704056,45.7
Quinshon Judkins,CLE,RB,118.9,92,167,9,0,0,0,0,1,0,0,0,0,0,1,0,0,1,219.1,156.0030308,123,125.9090924,119.7178052,113.526518,113
Jayden Higgins,HOU,WR,119.4,99,150,6,0,1,0,0,0,0,0,0,0,0,0,1,0,1,116.6,150.2886227,142,192.265868,159.4335818,126.6012956,80.4
Ollie Gordon II,MIA,RB,119.72,88,149,12,0,0,0,0,0,0,0,1,0,0,1,0,0,1,109.6639179,109.6639179,76,143.3278359,139.6367887,135.9457416,43.4
Rashid Shaheed,SEA,WR,120.07,99,149,8,0,0,0,1,0,0,0,0,0,0,0,1,0,1,181.5,191.8,168,176.4591439,145.1276198,113.7960956,114.6
Colston Loveland,CHI,TE,121.39,61,149,5,1,0,0,0,0,0,0,0,0,0,0,0,1,1,158.8,132.0834669,126,111.4504008,88.80178677,66.15317278,68.9
Kyler Murray,ARZ,QB,123.37,83,156,8,0,0,0,1,0,0,0,0,0,1,0,0,0,0,277.8,323.7,295,305.4935301,305.4935301,305.4935301,82.8
Keenan Allen,LAC,WR,123.45,86,156,12,0,0,0,0,0,0,0,1,0,0,0,1,0,1,147.2319831,147.2319831,139,155.4639662,124.9209473,94.37792841,139.2
Rhamondre Stevenson,NE,RB,123.95,98,160,14,0,0,0,0,0,0,0,0,1,0,1,0,0,1,169.6,107.2,141,116.3762232,107.8594801,99.34273699,78.8
Najee Harris,LAC,RB,124.83,94,152,12,0,0,0,0,0,0,0,1,0,0,1,0,0,1,95,142,111.9174107,98.75223196,93.92020871,89.08818546,11.6
Jaydon Blue,DAL,RB,125.05,98,155,10,0,0,0,0,0,1,0,0,0,0,1,0,0,1,110,120.5296958,116,135.5890875,121.9406047,108.2921219,8
Dylan Sampson,CLE,RB,125.53,97,168,9,0,0,0,0,1,0,0,0,0,0,1,0,0,1,101,129.3,113,147.9566501,133.8243641,119.6920781,47.2
Tank Bigsby,PHI,RB,125.56,97,154,9,0,0,0,0,1,0,0,0,0,0,1,0,0,1,118.3,113,111,96.06894561,91.98012804,87.89131048,17.7
Luther Burden III,CHI,WR,125.99,98,164,5,1,0,0,0,0,0,0,0,0,0,0,1,0,1,98.5,114.7806597,122,123.8419791,100.6419081,77.44183707,50.5
Nick Chubb,HOU,RB,126.84,77,153,6,0,1,0,0,0,0,0,0,0,0,1,0,0,1,72.4,100.287003,103,125.4610091,120.9960453,116.5310815,73.3
Brock Purdy,SF,QB,128.99,88,186,14,0,0,0,0,0,0,0,0,1,1,0,0,0,0,288.3,306.1,301,307.6393925,307.6393925,307.6393925,57.7
Brandon Aiyuk,SF,WR,130.57,98,182,14,0,0,0,0,0,0,0,0,1,0,0,1,0,1,195.6,147.5796479,137,110.1389438,92.28243538,74.42592699,0
Jared Goff,DET,QB,130.75,89,181,8,0,0,0,1,0,0,0,0,0,1,0,0,0,0,276,313.3,272,289.1725922,289.1725922,289.1725922,181.8
Rashod Bateman,BAL,WR,132.29,97,159,7,0,0,1,0,0,0,0,0,0,0,0,1,0,1,145.2,139.2,148,128.2854999,107.4666911,86.64788227,47.4
Jake Ferguson,DAL,TE,133.5,98,163,10,0,0,0,0,0,1,0,0,0,0,0,0,1,1,146.3,150.4,148,177.9960175,142.7492813,107.5025452,142
Ray Davis,BUF,RB,133.63,74,162,7,0,0,1,0,0,0,0,0,0,0,1,0,0,1,102.6,84.1,97,101.2604906,97.06459424,92.86869783,16.2
Hollywood Brown,KC,WR,133.83,102,163,10,0,0,0,0,0,1,0,0,0,0,0,1,0,1,157.8,146.1,140,81.27635347,67.31134428,53.3463351,104.9
Drake Maye,NE,QB,134.17,94,174,14,0,0,0,0,0,0,0,0,1,1,0,0,0,0,249.3,267.9531842,262,292.5595525,292.5595525,292.5595525,228.9
Caleb Williams,CHI,QB,134.85,96,170,5,1,0,0,0,0,0,0,0,0,1,0,0,0,0,240.2,275,270,313.3672234,313.3672234,313.3672234,186.4
Cedric Tillman,CLE,WR,135.15,109,166,9,0,0,0,0,1,0,0,0,0,0,0,1,0,1,189.5,139.6,158,178.2448704,145.5992897,112.9537091,44.9
Dalton Kincaid,BUF,TE,139.7,105,179,7,0,0,1,0,0,0,0,0,0,0,0,0,1,1,150,142.7,144,148.1798092,119.9335627,91.68731618,97.8
Justin Fields,NYJ,QB,143.86,100,197,9,0,0,0,0,1,0,0,0,0,1,0,0,0,0,277.8,285.5,287,333.8519458,333.8519458,333.8519458,139.7
DeMario Douglas,NE,WR,143.95,99,183,14,0,0,0,0,0,0,0,0,1,0,0,1,0,1,144.5,148.4947166,145,155.9841497,124.0463631,92.10857655,74.4
Tyler Allgeier,ATL,RB,144.45,107,176,5,1,0,0,0,0,0,0,0,0,0,1,0,0,1,101.7,101.8564888,107,96.86946643,91.77415796,86.6788495,79.6
Jerome Ford,CLE,RB,144.45,94,180,9,0,0,0,0,1,0,0,0,0,0,1,0,0,1,47.2,148.6,137,92.30168237,85.48201317,78.66234397,36.2
Joshua Palmer,BUF,WR,144.48,109,178,7,0,0,1,0,0,0,0,0,0,0,0,1,0,1,127.4,142.2113622,119,180.2340866,147.8876963,115.5413061,45.2
Xavier Legette,CAR,WR,145.36,93,194,14,0,0,0,0,0,0,0,0,1,0,0,1,0,1,116,154.4,155,174.4137676,142.9197684,111.4257692,68.4
Kyle Pitts,ATL,TE,145.39,109,178,5,1,0,0,0,0,0,0,0,0,0,0,0,1,1,138.2,148.0216878,138,167.8650634,136.3233378,104.7816123,96.4
Rachaad White,TB,RB,148.32,107,188,9,0,0,0,0,1,0,0,0,0,0,1,0,0,1,125,151.4,123,103.008188,91.88655495,80.76492189,104
Joe Mixon,HOU,RB,148.54,86,228,6,0,1,0,0,0,0,0,0,0,0,1,0,0,1,217.2,159.2,142,92.01930635,84.84043011,77.66155386,0
Wan'Dale Robinson,NYG,WR,151.13,111,193,14,0,0,0,0,0,0,0,0,1,0,0,1,0,1,177.8,135.2,148,153.083766,119.9454218,86.80707758,133
Tyjae Spears,TEN,RB,153.38,127,206,10,0,0,0,0,0,1,0,0,0,0,1,0,0,1,150.6,139.5,106,126.9447084,111.2346129,95.52451749,52.2
Woody Marks,HOU,RB,154.52,121,200,6,0,1,0,0,0,0,0,0,0,0,1,0,0,1,72.4,115.5,66,83.38331216,73.27732683,63.1713415,101.7
Dallas Goedert,PHI,TE,156.97,109,191,9,0,0,0,0,1,0,0,0,0,0,0,0,1,1,148.9,138.6293693,138,128.9881079,103.0868814,77.18565493,113.6
Justin Herbert,LAC,QB,156.99,107,197,12,0,0,0,0,0,0,0,1,0,1,0,0,0,0,275,313.3,294,283.0843031,283.0843031,283.0843031,215.1
Romeo Doubs,GB,WR,157.64,126,191,5,1,0,0,0,0,0,0,0,0,0,0,1,0,1,171.2,155.5953378,128,167.5860134,137.2152244,106.8444355,112.9
Will Shipley,PHI,RB,157.81,133,191,9,0,0,0,0,1,0,0,0,0,0,1,0,0,1,33.1,50.24202494,42,75.62607481,67.61984775,59.61362068,11.3
Jordan Love,GB,QB,158.51,114,213,5,1,0,0,0,0,0,0,0,0,1,0,0,0,0,266,296.4,272,274.3832697,274.3832697,274.3832697,168.3
JJ McCarthy,MIN,QB,158.96,114,205,6,0,1,0,0,0,0,0,0,0,1,0,0,0,0,257.3,318.4,280,266.8455151,266.8455151,266.8455151,72.7
Isaac TeSlaa,DET,WR,159.71,115,240,8,0,0,0,1,0,0,0,0,0,0,0,1,0,1,41.5,66.7360694,55,103.7082082,84.47449007,65.24077193,22.5
Adam Thielen,MIN,WR,160.06,110,201,6,0,1,0,0,0,0,0,0,0,0,0,1,0,1,165.3,139.6,119,89.77456471,71.94800301,54.12144132,14.9
CJ Stroud,HOU,QB,161.41,119,227,6,0,1,0,0,0,0,0,0,0,1,0,0,0,0,259.2,298.6,258,295.9147245,295.9147245,295.9147245,126
Rico Dowdle,CAR,RB,161.62,133,210,14,0,0,0,0,0,0,0,0,1,0,1,0,0,1,102.8,114.5,94,93.58693707,85.69071134,77.79448562,162
Trevor Lawrence,JAX,QB,162.01,116,203,8,0,0,0,1,0,0,0,0,0,1,0,0,0,0,254,264.2132732,239,299.6398196,299.6398196,299.6398196,170.1
Tre Harris,LAC,WR,169.09,109,236,12,0,0,0,0,0,0,0,1,0,0,0,1,0,1,104.7,152.3,111,122.5798949,100.8458709,79.11184704,35.7
Keaton Mitchell,BAL,RB,169.12,139,214,7,0,0,1,0,0,0,0,0,0,0,1,0,0,1,47,86.3,56,63.67271278,54.92727158,46.18183038,19.9
Blake Corum,LA,RB,169.77,108,225,8,0,0,0,1,0,0,0,0,0,0,1,0,0,1,71.4,128.3,68,53.8132082,51.06307147,48.31293474,43.7
Dont'e Thornton Jr,LV,WR,171.08,118,210,8,0,0,0,1,0,0,0,0,0,0,0,1,0,1,38.3,65.08793197,71,85.9637959,69.90180115,53.8398064,15.8
Kyle Williams,NE,WR,175.85,125,234,14,0,0,0,0,0,0,0,0,1,0,0,1,0,1,87.6,84.76163267,92,74.68489801,61.08109145,47.47728489,18
Hunter Henry,NE,TE,175.94,134,221,14,0,0,0,0,0,0,0,0,1,0,0,0,1,1,134.2,143.8389547,131,166.316864,133.6929205,101.068977,100.2
DJ Giddens,IND,RB,178.2,150,216,11,0,0,0,0,0,0,1,0,0,0,1,0,0,1,46.4,48.61789539,34,65.45368617,59.3623203,53.27095443,6.6
Brenton Strange,JAX,TE,178.55,143,225,8,0,0,0,1,0,0,0,0,0,0,0,0,1,1,133.8,118.1,132,148.5522908,118.1112476,87.67020439,40.4
Tahj Brooks,CIN,RB,180.72,147,228,10,0,0,0,0,0,1,0,0,0,0,1,0,0,1,2.1,43.50449236,45,83.41347709,75.03182193,66.65016677,2.3
Chris Rodriguez,WAS,RB,181.11,101,240,12,0,0,0,0,0,0,0,1,0,0,1,0,0,1,13.5,42.83707782,54,61.01123345,59.16867112,57.32610878,47.5
Elic Ayomanor,TEN,WR,181.4,130,236,10,0,0,0,0,0,1,0,0,0,0,0,1,0,1,31.7,80.04409466,79,129.432284,105.2483744,81.06446486,73.4
Zach Ertz,WAS,TE,183.82,136,228,12,0,0,0,0,0,0,0,1,0,0,0,0,1,1,130,124.8,139,122.5084508,98.38311585,74.25778092,101.7
Quentin Johnston,LAC,WR,184.77,143,239,12,0,0,0,0,0,0,0,1,0,0,0,1,0,1,174.6,130.8,105,113.9895987,93.49524437,73.00089006,123.9
Pat Bryant,DEN,WR,187.47,126,240,12,0,0,0,0,0,0,0,1,0,0,0,1,0,1,78.1,72.93388302,80,60.70164905,48.96959473,37.23754041,44.1
Kendre Miller,NO,RB,187.52,136,238,11,0,0,0,0,0,0,1,0,0,0,1,0,0,1,125.9,99.1696879,79,92.60906371,89.1826445,85.75622528,33.3
Amari Cooper,LV,WR,188.61,137,235,8,0,0,0,1,0,0,0,0,0,0,0,1,0,1,122.6552585,122.6552585,97,148.310517,119.2982876,90.28605809,0
Isaac Guerendo,SF,RB,188.89,139,237,14,0,0,0,0,0,0,0,0,1,0,1,0,0,1,110.3,63.71136634,42,38.83409903,36.95206609,35.07003315,0
Kyle Monangai,CHI,RB,189.21,129,238,5,1,0,0,0,0,0,0,0,0,0,1,0,0,1,17.5,47.62745574,49,76.38236721,73.39902785,70.41568848,79
Chigoziem Okonkwo,TEN,TE,191.33,145,237,10,0,0,0,0,0,1,0,0,0,0,0,0,1,1,136.8,124.2026956,124,111.8080867,88.85897204,65.90985736,65.7
Jonnu Smith,PIT,TE,194.13,134,239,5,1,0,0,0,0,0,0,0,0,0,0,0,1,1,179.8,142.4110582,126,121.4331746,98.25890465,75.08463469,55.3
Kareem Hunt,KC,RB,194.38,148,236,10,0,0,0,0,0,1,0,0,0,0,1,0,0,1,76.6,93.9,92,56.67363021,52.24827396,47.82291772,93.9
Brashard Smith,KC,RB,196.8,157,234,10,0,0,0,0,0,1,0,0,0,0,1,0,0,1,7.2,49.59606657,35,106.5881997,88.17271205,69.75722437,37.2
Michael Penix Jr,ATL,QB,196.83,147,240,5,1,0,0,0,0,0,0,0,0,1,0,0,0,0,234.7,254.5271892,258,270.8815675,270.8815675,270.8815675,125.3
Isaiah Likely,BAL,TE,197.02,151,240,7,0,0,1,0,0,0,0,0,0,0,0,0,1,1,126.5,123,110,131.1482394,108.5505889,85.9529385,23.8
Roschon Johnson,CHI,RB,197.54,148,238,5,1,0,0,0,0,0,0,0,0,0,1,0,0,1,110.3,84.87527931,78,66.32583793,60.43835017,54.5508624,1.7
Troy Franklin,DEN,WR,199.39,155,234,12,0,0,0,0,0,0,0,1,0,0,0,1,0,1,77,83.25246258,90,82.75738774,67.49412921,52.23087068,127.8
Justice Hill,BAL,RB,199.62,138,240,7,0,0,1,0,0,0,0,0,0,0,1,0,0,1,116.5,71.84574813,78,21.03724439,18.21483199,15.39241958,65.2
Bryce Young,CAR,QB,200.12,159,239,14,0,0,0,0,0,0,0,0,1,1,0,0,0,0,223.1,246.3212802,243,272.8638406,272.8638406,272.8638406,141.8
Dameon Pierce,HOU,RB,202.69,124,240,6,0,1,0,0,0,0,0,0,0,0,1,0,0,1,0,27.11520355,36,45.34561065,39.87810111,34.41059156,2.6
Tory Horton,SEA,WR,206.28,158,240,8,0,0,0,1,0,0,0,0,0,0,0,1,0,1,39.6,89.64747608,94,135.3424282,111.9752963,88.60816435,59.1
Sean Tucker,TB,RB,206.77,162,240,9,0,0,0,0,1,0,0,0,0,0,1,0,0,1,21.3,29.90232109,37,31.40696326,28.94746178,26.4879603,63.5
Jaylen Wright,MIA,RB,207.82,146,239,12,0,0,0,0,0,0,0,1,0,0,1,0,0,1,101.1,110.8,77,70.91157398,60.56695153,50.22232908,5.9
Jalen Coker,CAR,WR,208.95,124,240,14,0,0,0,0,0,0,0,0,1,0,0,1,0,1,63.4,102.744981,112,132.834943,107.3485764,81.8622097,22.8
Tua Tagovailoa,MIA,QB,210.88,148,240,12,0,0,0,0,0,0,0,1,0,1,0,0,0,0,264.2,263.8715605,248,279.4146816,279.4146816,279.4146816,143.7
Jarquez Hunter,LA,RB,211.97,163,239,8,0,0,0,1,0,0,0,0,0,0,1,0,0,1,37.8,48.78253337,51,57.54760012,52.351891,47.15618187,0
Mason Taylor,NYJ,TE,214.49,135,240,9,0,0,0,0,1,0,0,0,0,0,0,0,1,1,110.1,123.3601856,106,153.9805568,123.5182524,93.05594797,67.6
Michael Wilson,ARZ,WR,215.33,130,240,8,0,0,0,1,0,0,0,0,0,0,0,1,0,1,139.3,117.1610376,120,92.18311283,74.5707489,56.95838496,84.6
Cam Ward,TEN,QB,215.75,148,239,10,0,0,0,0,0,1,0,0,0,1,0,0,0,0,242.3,249.0699436,243,261.9098307,261.9098307,261.9098307,104.1
Matthew Stafford,LA,QB,229.11,167,240,8,0,0,0,1,0,0,0,0,0,1,0,0,0,0,253.8,275.1,243,236.889778,236.889778,236.889778,207.4
Sam Darnold,SEA,QB,233.15,178,240,8,0,0,0,1,0,0,0,0,0,1,0,0,0,0,254.8,275.6,233,282.3900665,282.3900665,282.3900665,164.6
Geno Smith,LV,QB,233.76,175,239,8,0,0,0,1,0,0,0,0,0,1,0,0,0,0,260.3,264.0255226,248,283.7765679,283.7765679,283.7765679,128.5
Jaxson Dart,NYG,QB,239.44,205,240,14,0,0,0,0,0,0,0,0,1,1,0,0,0,0,54.9,58.60047467,50,70.90142402,70.90142402,70.90142402,167.4
Aaron Rodgers,PIT,QB,240.07,201,239,5,1,0,0,0,0,0,0,0,0,1,0,0,0,0,254.1,241.4879677,222,248.363903,248.363903,248.363903,150.4
Anthony Richardson,IND,QB,240.3,210,229,11,0,0,0,0,0,0,1,0,0,1,0,0,0,0,237.2,293.5,51,113.6135435,113.6135435,113.6135435,0.3
Daniel Jones,IND,QB,240.43,229,237,11,0,0,0,0,0,0,1,0,0,1,0,0,0,0,69.1,157.3867189,221,182.0601566,182.0601566,182.0601566,203.7
Joe Flacco,CIN,QB,240.6,226,240,10,0,0,0,0,0,1,0,0,0,1,0,0,0,0,34.7,104.768453,135,144.6053591,144.6053591,144.6053591,146.5